station,candidate_window_days,method,source,start_date,end_date,stage_duration_days,v_eq_mm_per_day,median_rate_mm_per_day,rate_mad_mm_per_day,mean_abs_accel_mm_per_day2,n_rate_samples,alpha_green_days,alpha_yellow_days,alpha_orange_days,alpha_red_days,alpha_agreement_rate_vs_30d,fusion_green_days,fusion_yellow_days,fusion_orange_days,fusion_red_days,fusion_upgraded_days,fusion_agreement_rate_vs_30d,fusion_reason_v0_green_days,fusion_reason_alpha_watch_days,fusion_reason_multi_station_confirmed_days,fusion_reason_multi_scale_confirmed_days,fusion_reason_v0_alpha_consistent_days,fusion_reason_v0_primary_days
MJ9,15,automatic_candidate,automatic_15d,2017-07-09,2017-07-24,15,0.15225866666666737,0.1522600000000125,0.0,2.8571428661702418e-06,15,996,459,0,0,1.0,180,923,224,104,1161,0.3004891684136967,180,470,481,210,59,31
MJ1,15,automatic_candidate,automatic_15d,2018-11-10,2018-11-25,15,0.05808103570642136,0.05785915588842272,0.00023384887481370242,0.00014826331316239054,15,361,756,264,74,0.24810996563573884,180,923,224,104,1161,0.3004891684136967,180,470,481,210,59,31
MJ3,15,automatic_candidate,automatic_15d,2019-05-04,2019-05-19,15,0.09729404979827147,0.09742192989006071,0.00030889905815456586,0.0001789769567527141,15,638,657,104,56,0.43848797250859106,180,923,224,104,1161,0.3004891684136967,180,470,481,210,59,31
MJ9,30,automatic_candidate,automatic_30d,2017-07-04,2017-08-03,30,0.15225833333333488,0.1522600000000125,0.0,3.4482758729640847e-06,30,996,459,0,0,1.0,885,509,30,7,246,1.0,885,246,0,0,201,99
MJ1,30,automatic_candidate,automatic_30d,2017-05-19,2017-06-18,30,0.8989008459445775,0.9032480335204127,0.012947241728113568,0.003726010672227764,30,1438,17,0,0,1.0,885,509,30,7,246,1.0,885,246,0,0,201,99
MJ3,30,automatic_candidate,automatic_30d,2017-06-19,2017-07-19,30,1.0715586255719018,1.0719397086214713,0.010536108988958404,0.0018819457737930046,30,1373,82,0,0,1.0,885,509,30,7,246,1.0,885,246,0,0,201,99
MJ9,60,automatic_candidate,automatic_60d,2017-07-03,2017-09-01,60,0.1522580000000005,0.1522600000000125,0.0,3.898305098989683e-06,60,996,459,0,0,1.0,186,917,225,103,1155,0.30468204053109715,186,456,489,210,58,32
MJ1,60,automatic_candidate,automatic_60d,2018-10-03,2018-12-02,60,0.05860797404569666,0.05908248715189757,0.0015245506238557027,0.00046542954249092626,60,369,749,265,72,0.2536082474226804,186,917,225,103,1155,0.30468204053109715,186,456,489,210,58,32
MJ3,60,automatic_candidate,automatic_60d,2019-04-02,2019-06-01,60,0.09645350265299915,0.09592509407150374,0.0018662615814264427,0.0005593803192461287,60,630,664,102,59,0.4329896907216495,186,917,225,103,1155,0.30468204053109715,186,456,489,210,58,32
